epoch,step,val/loss,val/loss_ema,val/loss_simple,val/loss_simple_ema,val/loss_vlb,val/loss_vlb_ema
0,0,2.2939891815185547,0.1541064977645874,2.2939891815185547,0.1541064977645874,0.00937586184591055,0.0010115796467289329
