epoch,step,val/loss,val/loss_ema,val/loss_simple,val/loss_simple_ema,val/loss_vlb,val/loss_vlb_ema
0,0,2.282588481903076,0.15499770641326904,2.282588481903076,0.15499770641326904,0.009329265914857388,0.0010174296330660582
